id,first_name,last_name,email,gender,ip_address
1,Nikolaos,Fairhead,nfairhead0@mozilla.com,Male,22.179.235.115
2,Barnabas,McGrann,bmcgrann1@theglobeandmail.com,Male,111.9.54.57
3,Janeva,Emsden,jemsden2@nifty.com,Female,18.29.57.239
4,Mariejeanne,Tear,mtear3@archive.org,Female,148.71.10.31
5,Alf,Hansill,ahansill4@blogtalkradio.com,Male,59.11.190.239
6,Edithe,Barca,ebarca5@usa.gov,Female,14.132.170.150
7,Irwinn,Read,iread6@vk.com,Male,121.167.252.17
8,Charissa,Wantling,cwantling7@tumblr.com,Female,27.227.63.219
9,Lorene,Rentoul,lrentoul8@jugem.jp,Female,55.146.46.43
10,Lionello,Baskwell,lbaskwell9@surveymonkey.com,Male,87.244.52.135
11,Howard,Seppey,hseppeya@usgs.gov,Male,75.248.111.74
12,Kellen,Yurikov,kyurikovb@wix.com,Male,129.192.102.98
13,Moore,Rivel,mrivelc@rambler.ru,Male,174.47.134.37
14,Leandra,Rawsen,lrawsend@uiuc.edu,Agender,31.80.55.93
15,Jessi,Antoshin,jantoshine@icq.com,Female,121.149.224.210
16,Casey,Boulter,cboulterf@zdnet.com,Male,177.2.119.148
17,Clayson,Roland,crolandg@weibo.com,Male,193.51.183.85
18,Brent,Coneybeer,bconeybeerh@chicagotribune.com,Male,46.7.52.37
19,Lil,Radclyffe,lradclyffei@bloomberg.com,Female,21.239.255.1
20,Crystie,Watkiss,cwatkissj@spotify.com,Female,81.69.100.2
21,Merv,Novello,mnovellok@paginegialle.it,Male,106.128.181.192
22,Donetta,Hackey,dhackeyl@typepad.com,Female,84.159.80.230
23,Kale,Hehnke,khehnkem@parallels.com,Male,108.232.173.238
24,Colan,Rundall,crundalln@vk.com,Male,242.189.227.162
25,Marni,Kirwan,mkirwano@pagesperso-orange.fr,Polygender,124.201.158.117
26,Linell,McCrillis,lmccrillisp@vimeo.com,Female,49.247.67.16
27,Boony,Rymour,brymourq@cnn.com,Male,250.112.146.251
28,Sarina,Schachter,sschachterr@wp.com,Female,23.126.1.244
29,Burch,Lintall,blintalls@nasa.gov,Male,39.121.0.10
30,Dalton,Mc Gorley,dmcgorleyt@addthis.com,Male,91.50.173.238
31,Jean,Hartin,jhartinu@gmpg.org,Male,178.11.176.151
32,Haskell,Glenton,hglentonv@umn.edu,Male,38.24.109.189
33,Angel,Mariette,amariettew@mediafire.com,Female,32.0.54.12
34,Leonanie,Quinevan,lquinevanx@surveymonkey.com,Female,32.172.220.77
35,Cynthea,McKniely,cmcknielyy@storify.com,Female,82.33.230.132
36,Addison,Trussler,atrusslerz@virginia.edu,Male,67.115.224.208
37,Alene,Messent,amessent10@tumblr.com,Female,117.39.74.249
38,Elissa,Bernardin,ebernardin11@mashable.com,Female,238.24.210.149
39,Lise,Risborough,lrisborough12@indiatimes.com,Female,181.226.232.143
40,Toby,Dignan,tdignan13@nifty.com,Female,167.33.171.183
41,Diena,Goldthorpe,dgoldthorpe14@elpais.com,Female,18.107.77.150
42,Hollyanne,Bourges,hbourges15@indiatimes.com,Female,179.134.184.146
43,Rozella,Stealey,rstealey16@weibo.com,Female,198.28.140.4
44,Clarey,Schule,cschule17@slate.com,Female,115.230.29.45
45,Reggis,Kochs,rkochs18@ebay.com,Male,107.185.229.65
46,Kyrstin,Bodicum,kbodicum19@technorati.com,Female,154.49.26.187
47,Adella,Ready,aready1a@ning.com,Female,223.223.123.241
48,Kora,Ondrich,kondrich1b@noaa.gov,Non-binary,80.239.69.86
49,Enrichetta,Fidal,efidal1c@gravatar.com,Female,252.12.76.211
50,Derek,Beere,dbeere1d@taobao.com,Male,66.110.90.129
51,Debor,Laverenz,dlaverenz1e@nps.gov,Female,38.160.60.39
52,Karol,Corcoran,kcorcoran1f@tripadvisor.com,Female,146.140.253.47
53,Riki,Yushkin,ryushkin1g@webmd.com,Female,31.100.160.9
54,Liv,Kase,lkase1h@homestead.com,Agender,172.42.244.55
55,Ann-marie,Tebald,atebald1i@nasa.gov,Female,1.94.46.34
56,Farley,Palethorpe,fpalethorpe1j@princeton.edu,Male,248.240.228.229
57,Martica,Ayscough,mayscough1k@sciencedaily.com,Female,199.226.162.142
58,Brennen,Klees,bklees1l@jimdo.com,Male,93.167.108.113
59,Ddene,Wilkin,dwilkin1m@un.org,Female,106.210.49.65
60,Salmon,Soigoux,ssoigoux1n@yolasite.com,Male,43.150.225.130
61,Homer,Heys,hheys1o@redcross.org,Male,106.11.90.34
62,Jakob,Lafontaine,jlafontaine1p@symantec.com,Male,199.22.146.228
63,Elie,Gravey,egravey1q@taobao.com,Female,247.145.204.79
64,Remy,Turmell,rturmell1r@technorati.com,Genderfluid,185.164.35.216
65,Brittaney,Vanetti,bvanetti1s@intel.com,Female,219.67.201.109
66,Ermengarde,Brudenell,ebrudenell1t@ustream.tv,Female,238.86.183.56
67,Sully,Screas,sscreas1u@webnode.com,Male,239.187.7.227
68,Reed,Leithgoe,rleithgoe1v@about.com,Male,102.112.54.133
69,Bat,Lesurf,blesurf1w@cisco.com,Male,65.68.52.152
70,Stern,Tremathack,stremathack1x@abc.net.au,Male,70.181.56.125
71,Rafaellle,Chaters,rchaters1y@sfgate.com,Male,252.31.42.39
72,Alvie,Brimmell,abrimmell1z@geocities.jp,Male,235.112.1.81
73,Fania,Flamank,fflamank20@nytimes.com,Female,79.231.75.89
74,Reina,Sprason,rsprason21@360.cn,Female,9.234.64.127
75,Isidora,O'Luby,ioluby22@people.com.cn,Female,85.226.234.15
76,Chrystal,Folkerd,cfolkerd23@reverbnation.com,Female,225.82.75.137
77,Lucina,Leedal,lleedal24@shinystat.com,Female,45.209.172.20
78,Carlie,Muschette,cmuschette25@merriam-webster.com,Male,206.73.200.87
79,Frants,Brewis,fbrewis26@mozilla.org,Male,228.32.68.90
80,Freddie,Fasey,ffasey27@state.gov,Female,38.63.89.116
81,Zelda,Sitch,zsitch28@wikimedia.org,Female,238.113.44.114
82,Marvin,Chadbourne,mchadbourne29@unc.edu,Non-binary,82.87.130.157
83,Darcie,Tills,dtills2a@sogou.com,Female,214.14.127.51
84,Cornelle,Meatcher,cmeatcher2b@economist.com,Genderfluid,28.2.178.194
85,Janeta,Moult,jmoult2c@rakuten.co.jp,Female,132.157.222.41
86,Viola,Sloper,vsloper2d@tmall.com,Female,159.198.64.53
87,Gabie,Copelli,gcopelli2e@last.fm,Male,83.189.143.139
88,Dael,Sones,dsones2f@infoseek.co.jp,Female,81.5.41.46
89,Aubrie,McCarl,amccarl2g@hhs.gov,Female,169.209.154.213
90,Paddie,Younge,pyounge2h@shareasale.com,Agender,44.214.104.187
91,Randee,Rentilll,rrentilll2i@umich.edu,Female,197.142.72.196
92,Orazio,Bearsmore,obearsmore2j@imgur.com,Male,115.188.56.214
93,Eduard,Fumagallo,efumagallo2k@jimdo.com,Male,229.61.77.68
94,Howey,Morde,hmorde2l@omniture.com,Male,141.200.155.182
95,Cheryl,Eglise,ceglise2m@google.ca,Female,36.210.102.158
96,Michal,Rock,mrock2n@a8.net,Female,214.171.172.181
97,Ellerey,Scougal,escougal2o@artisteer.com,Male,185.50.72.25
98,Jania,Hassewell,jhassewell2p@mozilla.com,Agender,175.60.16.92
99,Deck,Terzo,dterzo2q@howstuffworks.com,Male,61.216.61.136
100,Estrellita,Oldrey,eoldrey2r@webs.com,Female,146.102.13.232
101,Lotty,Manoelli,lmanoelli2s@wikipedia.org,Female,203.76.236.123
102,Gae,Abson,gabson2t@marketwatch.com,Female,246.96.231.24
103,Rhianna,Lory,rlory2u@histats.com,Female,243.16.64.128
104,Yuma,Kuschel,ykuschel2v@reference.com,Genderqueer,111.247.210.103
105,Gorden,Tilmouth,gtilmouth2w@yolasite.com,Male,203.199.48.46
106,Gare,Wooton,gwooton2x@freewebs.com,Male,16.145.231.155
107,Averill,Elliss,aelliss2y@goo.ne.jp,Male,83.55.3.182
108,Ilaire,Waller-Bridge,iwallerbridge2z@ifeng.com,Male,206.87.198.110
109,Clywd,Izat,cizat30@toplist.cz,Male,58.158.126.146
110,Annie,Swayne,aswayne31@1688.com,Bigender,134.85.208.151
111,Zsa zsa,Castledine,zcastledine32@va.gov,Female,18.8.60.116
112,Jamesy,Hothersall,jhothersall33@1688.com,Male,165.210.236.206
113,Idelle,Lutz,ilutz34@meetup.com,Female,63.103.87.145
114,Laurence,Raulin,lraulin35@umich.edu,Male,29.154.121.93
115,Gale,Glasner,gglasner36@liveinternet.ru,Female,224.107.8.0
116,Thain,Jeandot,tjeandot37@gravatar.com,Male,5.122.246.107
117,Sadye,Gracewood,sgracewood38@microsoft.com,Female,149.221.68.111
118,Lamond,Belfitt,lbelfitt39@barnesandnoble.com,Male,20.172.36.185
119,Tammy,Crouch,tcrouch3a@prweb.com,Agender,176.52.90.181
120,Kimberley,De Stoop,kdestoop3b@nationalgeographic.com,Female,124.157.128.181
121,Hugibert,Blaxlande,hblaxlande3c@smh.com.au,Male,72.217.127.196
122,Davie,Ismirnioglou,dismirnioglou3d@hud.gov,Male,115.242.158.44
123,Maxi,Ferens,mferens3e@techcrunch.com,Polygender,27.103.45.49
124,Francyne,Strippel,fstrippel3f@hhs.gov,Female,156.148.126.208
125,Marshal,Aspinall,maspinall3g@wordpress.com,Male,183.40.55.191
126,Fifi,Curry,fcurry3h@dell.com,Female,104.154.194.194
127,Elihu,Muldrew,emuldrew3i@photobucket.com,Male,154.153.117.45
128,Norry,Knight,nknight3j@dailymotion.com,Female,99.212.107.85
129,Gustie,Ellsom,gellsom3k@kickstarter.com,Female,182.173.195.35
130,Celestia,Acutt,cacutt3l@ameblo.jp,Female,33.65.146.151
131,Alena,Harrad,aharrad3m@parallels.com,Female,40.30.161.208
132,Katee,Shard,kshard3n@youku.com,Female,104.73.63.103
133,Wynne,Glazyer,wglazyer3o@unicef.org,Female,20.42.124.11
134,Georas,Blasi,gblasi3p@skype.com,Male,80.54.80.230
135,Johanna,Curdell,jcurdell3q@wordpress.com,Female,178.75.0.162
136,Megan,Mathys,mmathys3r@unesco.org,Female,15.121.186.45
137,Estel,Franciskiewicz,efranciskiewicz3s@ning.com,Female,206.158.160.249
138,Olimpia,Petera,opetera3t@cnbc.com,Female,135.181.44.156
139,Zonda,Pemberton,zpemberton3u@uol.com.br,Female,199.17.4.228
140,Bradley,Belden,bbelden3v@typepad.com,Male,2.93.119.219
141,Shaylynn,Guynemer,sguynemer3w@github.io,Female,90.53.80.60
142,Dallon,Cressy,dcressy3x@nifty.com,Male,135.158.64.191
143,Shani,Febre,sfebre3y@google.pl,Genderqueer,143.3.199.169
144,Dalton,Ferencowicz,dferencowicz3z@house.gov,Male,187.5.155.248
145,Reagen,Taffs,rtaffs40@flavors.me,Male,208.31.61.106
146,Konstantin,Gavozzi,kgavozzi41@angelfire.com,Male,56.224.163.62
147,Tibold,Bauckham,tbauckham42@apache.org,Male,55.24.120.241
148,Damaris,Tampion,dtampion43@csmonitor.com,Female,65.239.107.126
149,Sharona,Gerin,sgerin44@gizmodo.com,Female,70.190.191.142
150,Barbabas,Vanichkin,bvanichkin45@nasa.gov,Male,74.154.123.25
151,Lincoln,Hanney,lhanney46@nationalgeographic.com,Male,63.170.81.199
152,Farica,Zorro,fzorro47@bbc.co.uk,Female,228.98.42.70
153,Saunder,Bondley,sbondley48@google.es,Male,178.131.95.249
154,Clint,Bracher,cbracher49@nih.gov,Male,211.18.51.67
155,Ella,Buckles,ebuckles4a@google.cn,Female,114.117.119.1
156,Any,Kleyn,akleyn4b@alibaba.com,Agender,133.142.230.251
157,Conn,Gibbings,cgibbings4c@elegantthemes.com,Male,237.112.223.141
158,Alanah,Scarf,ascarf4d@usnews.com,Female,64.179.38.13
159,Bamby,Heinel,bheinel4e@goo.ne.jp,Female,239.52.32.51
160,Katharine,Ardling,kardling4f@vinaora.com,Female,70.239.159.38
161,Daniella,Skelhorne,dskelhorne4g@imdb.com,Female,178.12.99.171
162,Jeddy,Hartle,jhartle4h@t-online.de,Male,26.7.180.12
163,Mina,Arnke,marnke4i@boston.com,Genderqueer,159.84.162.201
164,Brooke,Wordsworth,bwordsworth4j@phpbb.com,Male,253.97.166.194
165,Aubine,Gosselin,agosselin4k@cyberchimps.com,Female,185.93.88.104
166,Alick,Trahearn,atrahearn4l@jigsy.com,Male,31.225.16.240
167,Kevon,Maciocia,kmaciocia4m@slashdot.org,Male,80.146.25.106
168,Annabela,Eddis,aeddis4n@prnewswire.com,Female,24.23.36.212
169,Aurelea,Sprade,asprade4o@un.org,Female,50.156.249.58
170,Tiffy,Harbage,tharbage4p@1und1.de,Female,13.98.139.252
171,Carine,Heineken,cheineken4q@spiegel.de,Female,84.174.75.114
172,Bradford,Lebbon,blebbon4r@netlog.com,Male,244.195.139.103
173,Lotte,Buxey,lbuxey4s@etsy.com,Female,4.56.68.49
174,Alexandros,Wetherburn,awetherburn4t@amazonaws.com,Male,171.126.182.219
175,Emmey,Greasley,egreasley4u@about.me,Female,155.56.152.116
176,Natty,Moryson,nmoryson4v@ted.com,Male,193.102.8.226
177,Dagmar,Marchello,dmarchello4w@reddit.com,Female,141.124.207.99
178,Cherye,Porson,cporson4x@rediff.com,Genderfluid,150.82.30.235
179,Karrah,Seccombe,kseccombe4y@cnn.com,Female,231.81.121.127
180,Rafaellle,Yellowlea,ryellowlea4z@php.net,Male,200.36.124.2
181,Hollis,Doggett,hdoggett50@surveymonkey.com,Male,157.144.69.245
182,Trixy,De Cruz,tdecruz51@privacy.gov.au,Female,255.216.51.21
183,Deb,Reichartz,dreichartz52@flickr.com,Female,169.252.101.168
184,Wain,Scudders,wscudders53@paypal.com,Male,129.237.250.80
185,Gian,Ferber,gferber54@cornell.edu,Male,165.63.203.160
186,Eleanor,Banes,ebanes55@mit.edu,Female,153.213.89.121
187,Garrek,Aglione,gaglione56@jiathis.com,Male,244.90.192.227
188,Byram,Axe,baxe57@hubpages.com,Male,72.58.9.107
189,Anatola,Chilton,achilton58@cpanel.net,Female,195.188.138.7
190,Mozes,Cristofori,mcristofori59@google.com.hk,Male,73.15.138.185
191,Sascha,Scurman,sscurman5a@over-blog.com,Female,145.230.123.153
192,Kele,Halmkin,khalmkin5b@g.co,Male,149.178.183.137
193,Willow,Gingel,wgingel5c@privacy.gov.au,Female,222.190.143.125
194,Kizzie,Pardoe,kpardoe5d@furl.net,Female,233.126.2.69
195,Chevalier,Phythean,cphythean5e@elegantthemes.com,Male,152.155.94.35
196,Isaiah,Patman,ipatman5f@linkedin.com,Male,134.96.118.189
197,Rog,Arnowitz,rarnowitz5g@seattletimes.com,Male,143.67.117.159
198,Howard,Mabe,hmabe5h@senate.gov,Non-binary,60.196.22.100
199,Vi,Goodbanne,vgoodbanne5i@psu.edu,Female,254.112.197.148
200,Geri,Arnaldy,garnaldy5j@cam.ac.uk,Male,16.139.102.205
201,Jolynn,Striker,jstriker5k@nih.gov,Female,126.9.3.56
202,Der,Collibear,dcollibear5l@wikimedia.org,Male,83.131.223.144
203,Adelaida,Roscow,aroscow5m@omniture.com,Genderfluid,235.116.89.246
204,Hakeem,Kidson,hkidson5n@fc2.com,Male,25.109.106.138
205,Benson,Crayke,bcrayke5o@disqus.com,Male,125.230.95.246
206,Barbra,Mulvy,bmulvy5p@comsenz.com,Female,74.62.21.84
207,Reggis,Delgado,rdelgado5q@wiley.com,Male,211.15.148.207
208,Alicea,Simmings,asimmings5r@histats.com,Agender,223.135.232.102
209,Shawnee,Mourton,smourton5s@mac.com,Female,112.194.4.165
210,Monro,Deschelle,mdeschelle5t@shinystat.com,Male,3.84.84.134
211,Aileen,Edgin,aedgin5u@technorati.com,Female,115.44.37.175
212,Octavius,Padkin,opadkin5v@macromedia.com,Male,6.216.114.52
213,Shawnee,Tiptaft,stiptaft5w@theatlantic.com,Female,80.50.48.110
214,Eugenia,Feavers,efeavers5x@springer.com,Female,206.229.25.255
215,Shawna,Bringloe,sbringloe5y@theguardian.com,Female,39.33.61.199
216,Silvanus,Gass,sgass5z@pcworld.com,Male,116.106.164.150
217,Jacquelin,Dodge,jdodge60@census.gov,Female,73.67.107.84
218,Thomas,Sumshon,tsumshon61@craigslist.org,Male,227.248.88.159
219,Robinson,Fern,rfern62@furl.net,Male,147.203.163.195
220,Kristofor,Leary,kleary63@archive.org,Male,139.70.104.136
221,Abbot,Portsmouth,aportsmouth64@privacy.gov.au,Male,70.177.184.185
222,Imelda,Ciccarello,iciccarello65@wordpress.org,Female,30.247.10.70
223,Ody,Girogetti,ogirogetti66@creativecommons.org,Male,77.206.127.219
224,Aube,Semered,asemered67@mail.ru,Male,92.16.153.206
225,Averil,Tanzig,atanzig68@scribd.com,Female,156.226.58.9
226,Iggie,Stihl,istihl69@elegantthemes.com,Male,52.108.35.170
227,Marsh,Corking,mcorking6a@tuttocitta.it,Male,28.242.94.37
228,Darrel,Robertis,drobertis6b@ezinearticles.com,Male,151.137.193.151
229,Daron,Tippell,dtippell6c@stanford.edu,Male,30.7.196.34
230,Chance,Andreoletti,candreoletti6d@microsoft.com,Male,30.235.20.158
231,Tatiana,Todeo,ttodeo6e@bigcartel.com,Female,78.155.205.94
232,Dionisio,Darlasson,ddarlasson6f@ustream.tv,Male,186.171.158.59
233,Malissia,Biffen,mbiffen6g@foxnews.com,Female,28.66.253.229
234,Alys,Usherwood,ausherwood6h@nymag.com,Female,70.90.89.188
235,Irving,Barnaby,ibarnaby6i@slate.com,Male,231.181.44.94
236,Kassey,Rendle,krendle6j@ustream.tv,Genderqueer,198.104.203.47
237,Esta,Duffett,eduffett6k@technorati.com,Female,154.48.2.142
238,Anya,Blaes,ablaes6l@apache.org,Bigender,9.205.5.223
239,Caria,Paulich,cpaulich6m@hhs.gov,Female,214.237.34.135
240,Zabrina,Haps,zhaps6n@wisc.edu,Female,136.203.2.142
241,Orv,Veschambre,oveschambre6o@sohu.com,Male,75.226.73.205
242,Rosalinda,Pabel,rpabel6p@exblog.jp,Female,106.81.75.231
243,Rochester,Pendrill,rpendrill6q@newyorker.com,Male,227.106.88.47
244,Welby,Winborn,wwinborn6r@usnews.com,Male,230.203.47.70
245,Tomasina,Swadon,tswadon6s@adobe.com,Polygender,46.19.236.179
246,Dannie,Bollom,dbollom6t@seattletimes.com,Female,181.171.162.116
247,Binnie,Withinshaw,bwithinshaw6u@bbc.co.uk,Female,219.143.150.179
248,Frank,McCracken,fmccracken6v@si.edu,Male,208.187.7.147
249,Barbra,Aingell,baingell6w@twitter.com,Female,195.30.156.115
250,Naomi,Yeabsley,nyeabsley6x@flickr.com,Female,118.21.125.32
251,Lutero,Fine,lfine6y@4shared.com,Male,248.167.150.112
252,Hansiain,Monelli,hmonelli6z@list-manage.com,Male,47.76.186.132
253,Codi,Vannet,cvannet70@wordpress.com,Male,235.187.66.84
254,Wallas,Fairburn,wfairburn71@mapy.cz,Male,9.38.194.79
255,Candide,Keddle,ckeddle72@fda.gov,Female,79.20.75.150
256,Reese,Ughini,rughini73@mapy.cz,Male,67.3.27.1
257,Louisette,Attlee,lattlee74@wunderground.com,Female,213.40.70.247
258,Wayne,Graddon,wgraddon75@timesonline.co.uk,Male,112.160.168.175
259,Katharina,Layus,klayus76@sohu.com,Female,190.93.244.105
260,Jaye,Yearns,jyearns77@theglobeandmail.com,Male,224.176.211.66
261,Janetta,Freke,jfreke78@amazon.co.uk,Genderfluid,220.7.133.144
262,Elbert,Janousek,ejanousek79@technorati.com,Male,209.174.38.37
263,Rory,Wilshaw,rwilshaw7a@google.de,Female,163.186.198.215
264,Hurley,Huckerbe,hhuckerbe7b@blogger.com,Male,220.234.176.212
265,Linette,Eakins,leakins7c@topsy.com,Female,242.115.204.72
266,Pansy,Croote,pcroote7d@apache.org,Female,163.176.59.215
267,Wileen,Wrankmore,wwrankmore7e@gnu.org,Female,31.131.244.125
268,Layton,Welch,lwelch7f@umich.edu,Male,131.226.116.197
269,Sylvia,Van Der Walt,svanderwalt7g@barnesandnoble.com,Agender,68.47.26.49
270,Neville,Brumbie,nbrumbie7h@storify.com,Male,167.64.198.195
271,Windham,Jeff,wjeff7i@mashable.com,Male,137.84.10.101
272,Fifine,Eastcott,feastcott7j@hatena.ne.jp,Female,181.239.145.249
273,Cathie,Duckers,cduckers7k@flavors.me,Female,29.164.180.235
274,Alissa,Elder,aelder7l@gnu.org,Female,216.166.170.10
275,Eilis,Mauchlen,emauchlen7m@cloudflare.com,Female,20.245.250.96
276,Danit,Greedyer,dgreedyer7n@tinypic.com,Female,206.31.51.228
277,Pete,Croser,pcroser7o@sogou.com,Male,142.188.188.105
278,Lay,Folshom,lfolshom7p@github.io,Male,107.112.21.172
279,Buiron,Rocks,brocks7q@yellowpages.com,Male,237.194.113.233
280,Kerianne,Finney,kfinney7r@amazonaws.com,Female,216.45.112.107
281,Ramsey,Commin,rcommin7s@reddit.com,Male,7.231.9.17
282,Raynard,Edrich,redrich7t@paypal.com,Genderfluid,174.220.246.1
283,Fairfax,Tills,ftills7u@istockphoto.com,Male,90.146.190.66
284,Shelli,Leon,sleon7v@earthlink.net,Female,130.237.123.17
285,Gauthier,Douglas,gdouglas7w@google.it,Male,33.101.68.35
286,Audrye,Lamar,alamar7x@si.edu,Female,89.241.92.71
287,Norbert,Kingshott,nkingshott7y@weather.com,Male,49.205.189.206
288,Conny,Oppery,coppery7z@ibm.com,Male,147.94.102.116
289,Lane,Arkill,larkill80@hugedomains.com,Male,72.31.209.235
290,Davidde,Lawdham,dlawdham81@independent.co.uk,Male,171.22.129.113
291,Cristen,O'Kynsillaghe,cokynsillaghe82@pbs.org,Female,37.121.130.153
292,Kara-lynn,Filippone,kfilippone83@sourceforge.net,Female,18.166.221.201
293,Antone,Gregoretti,agregoretti84@ycombinator.com,Male,207.226.152.203
294,Jordanna,Allery,jallery85@mail.ru,Female,30.198.61.213
295,Hillery,Lurriman,hlurriman86@nps.gov,Male,80.154.14.86
296,Sophia,Phant,sphant87@tuttocitta.it,Female,128.254.76.242
297,Alonzo,Rentoll,arentoll88@wix.com,Male,235.56.194.199
298,Amelia,Ledamun,aledamun89@bloglines.com,Female,125.194.213.200
299,Catina,Stribbling,cstribbling8a@fema.gov,Female,130.206.158.63
300,Alleyn,Lilian,alilian8b@hubpages.com,Male,43.201.79.4
301,Trefor,Habron,thabron8c@cloudflare.com,Bigender,141.180.64.65
302,Bruis,Barnewelle,bbarnewelle8d@smugmug.com,Male,246.199.178.207
303,Angie,Sheward,asheward8e@salon.com,Non-binary,172.17.126.95
304,Isador,Ewebank,iewebank8f@washington.edu,Male,228.101.63.169
305,Kerby,Quibell,kquibell8g@digg.com,Male,92.237.12.19
306,Justinn,Kunat,jkunat8h@elegantthemes.com,Female,249.179.34.54
307,Tedda,Bawdon,tbawdon8i@wunderground.com,Female,4.22.29.19
308,Richmound,Blagbrough,rblagbrough8j@ebay.co.uk,Male,54.46.215.139
309,Cad,Brumfitt,cbrumfitt8k@newsvine.com,Male,168.219.161.136
310,Natasha,Jikovsky,njikovsky8l@aboutads.info,Female,161.109.130.237
311,Natividad,Cheltnam,ncheltnam8m@ameblo.jp,Female,184.112.13.198
312,Teressa,Adamovsky,tadamovsky8n@cloudflare.com,Female,48.108.166.169
313,Zsazsa,Sedwick,zsedwick8o@taobao.com,Female,85.193.240.73
314,Garey,Markova,gmarkova8p@linkedin.com,Male,108.161.154.68
315,Dara,Hardwidge,dhardwidge8q@cbslocal.com,Female,1.175.58.144
316,Mehetabel,Estcourt,mestcourt8r@bravesites.com,Female,229.155.120.255
317,Benji,Drury,bdrury8s@amazon.co.uk,Male,78.93.11.137
318,Allianora,Hassan,ahassan8t@mlb.com,Female,169.237.92.108
319,Giff,Jiri,gjiri8u@angelfire.com,Male,224.234.4.191
320,Lynnette,Fludder,lfludder8v@virginia.edu,Female,191.32.149.158
321,Elinore,Kleingrub,ekleingrub8w@addthis.com,Female,84.216.82.224
322,Darcey,Feares,dfeares8x@imageshack.us,Female,194.143.243.164
323,Frank,Dwane,fdwane8y@netlog.com,Male,33.4.99.74
324,Cletis,Slemmonds,cslemmonds8z@sun.com,Male,45.221.115.23
325,Deeyn,Lees,dlees90@virginia.edu,Female,148.195.138.243
326,Danette,Dunsmuir,ddunsmuir91@163.com,Female,233.230.232.13
327,Noel,Vasiljevic,nvasiljevic92@engadget.com,Bigender,203.38.227.90
328,Nicki,Goldstein,ngoldstein93@constantcontact.com,Female,165.51.224.110
329,Antonin,Cush,acush94@cdbaby.com,Male,88.101.229.33
330,Janean,Impey,jimpey95@earthlink.net,Female,202.182.48.199
331,Sarine,Belshaw,sbelshaw96@vk.com,Female,80.17.231.136
332,Gracia,Lage,glage97@dailymail.co.uk,Genderqueer,204.112.30.138
333,Antonetta,Vardey,avardey98@aboutads.info,Female,217.174.95.63
334,Rollie,Cockney,rcockney99@g.co,Male,70.207.16.54
335,Collin,Strevens,cstrevens9a@posterous.com,Genderqueer,61.105.232.113
336,Haleigh,Giraths,hgiraths9b@opera.com,Male,125.141.252.252
337,Quinta,Juza,qjuza9c@shop-pro.jp,Female,1.53.119.66
338,Rudiger,Crinkley,rcrinkley9d@nytimes.com,Male,42.202.6.202
339,Gualterio,Bellows,gbellows9e@ihg.com,Male,167.207.83.234
340,Quill,Portingale,qportingale9f@gizmodo.com,Male,137.32.163.104
341,Terence,Rodder,trodder9g@smh.com.au,Male,166.84.118.139
342,Florina,Biset,fbiset9h@csmonitor.com,Female,3.180.59.222
343,Saxon,Seelbach,sseelbach9i@bloglines.com,Male,150.216.143.237
344,Mariska,Yetman,myetman9j@sohu.com,Female,229.116.133.98
345,Blithe,Crosthwaite,bcrosthwaite9k@scientificamerican.com,Female,47.241.82.107
346,Emyle,Zorener,ezorener9l@ameblo.jp,Genderqueer,192.144.151.97
347,Valene,Presser,vpresser9m@creativecommons.org,Female,211.211.213.164
348,Brnaba,Vondrys,bvondrys9n@liveinternet.ru,Male,140.36.198.108
349,Ashley,Huckstepp,ahuckstepp9o@amazon.co.jp,Genderfluid,137.109.56.224
350,Burr,Guwer,bguwer9p@ftc.gov,Male,24.111.73.201
351,Alie,Beneze,abeneze9q@baidu.com,Female,136.89.155.5
352,Errick,Bellam,ebellam9r@mysql.com,Male,239.123.78.5
353,Ibrahim,Bramhill,ibramhill9s@nymag.com,Male,94.63.155.170
354,Nananne,L'Hommee,nlhommee9t@twitpic.com,Female,253.181.29.189
355,Gates,Hanhardt,ghanhardt9u@tmall.com,Female,98.165.73.44
356,Fern,Conigsby,fconigsby9v@nhs.uk,Female,76.118.222.225
357,Colver,Rozzier,crozzier9w@baidu.com,Bigender,202.178.255.154
358,Reade,Baber,rbaber9x@google.it,Male,27.72.189.183
359,Amanda,Seagood,aseagood9y@latimes.com,Female,80.33.50.95
360,Winfield,Farncombe,wfarncombe9z@toplist.cz,Male,125.218.250.123
361,Alyse,Pedgrift,apedgrifta0@disqus.com,Female,113.251.51.17
362,Cybill,Antoniewicz,cantoniewicza1@themeforest.net,Female,90.111.189.130
363,Stafani,Siggin,ssiggina2@seesaa.net,Female,238.165.228.235
364,Korella,Welbelove,kwelbelovea3@opera.com,Female,210.214.138.222
365,Constancia,Maloney,cmaloneya4@wordpress.org,Female,202.111.64.205
366,Tamarra,Manderson,tmandersona5@biblegateway.com,Female,242.112.229.253
367,Walt,Azam,wazama6@slideshare.net,Male,194.51.245.134
368,Thane,Pizer,tpizera7@narod.ru,Male,219.123.10.30
369,Reinaldo,Lowseley,rlowseleya8@businessinsider.com,Male,94.5.120.190
370,Mignon,Campey,mcampeya9@fema.gov,Female,138.50.126.167
371,Corliss,Skocroft,cskocroftaa@gmpg.org,Female,227.110.171.76
372,Daffi,Greason,dgreasonab@mlb.com,Female,199.102.216.155
373,Jarvis,Kensington,jkensingtonac@google.pl,Male,135.238.50.85
374,Kelbee,Welden,kweldenad@printfriendly.com,Male,165.83.130.168
375,Leoline,McPike,lmcpikeae@prweb.com,Female,64.203.51.29
376,Devin,Haseley,dhaseleyaf@1688.com,Female,31.68.239.77
377,Dolph,Betty,dbettyag@google.cn,Male,107.222.19.169
378,Brandais,Patesel,bpateselah@toplist.cz,Female,18.248.45.86
379,Fowler,Wannell,fwannellai@addtoany.com,Male,59.139.110.90
380,Elyse,Hayward,ehaywardaj@paypal.com,Female,176.215.47.79
381,Robena,Mithun,rmithunak@fda.gov,Female,9.137.107.59
382,Casper,Bellam,cbellamal@blogtalkradio.com,Male,241.145.204.246
383,Lucius,Reek,lreekam@imageshack.us,Male,95.236.12.132
384,Adrian,Haizelden,ahaizeldenan@tripadvisor.com,Male,151.78.126.201
385,Cherlyn,Abraham,cabrahamao@cdc.gov,Female,82.213.232.13
386,Grover,Ockleshaw,gockleshawap@google.com,Male,9.145.153.183
387,Magdalene,Buckenhill,mbuckenhillaq@wikia.com,Female,239.191.5.227
388,Talyah,Vearncomb,tvearncombar@ucoz.com,Female,169.242.219.33
389,Doreen,Haitlie,dhaitlieas@51.la,Female,11.44.178.23
390,Thaddus,Fright,tfrightat@weebly.com,Male,82.27.39.230
391,Clemence,Minchindon,cminchindonau@wp.com,Female,86.202.134.185
392,Maury,Swinyard,mswinyardav@quantcast.com,Male,173.168.207.152
393,Rube,Lang,rlangaw@seesaa.net,Male,41.242.145.57
394,Onida,Gotecliffe,ogotecliffeax@aol.com,Non-binary,65.232.67.138
395,Raina,Bales,rbalesay@washingtonpost.com,Female,60.107.243.24
396,Mahala,Melloy,mmelloyaz@bizjournals.com,Female,90.63.232.215
397,Harriette,Di Claudio,hdiclaudiob0@amazon.com,Female,145.219.161.72
398,Chiquia,Sykora,csykorab1@blog.com,Genderfluid,54.236.171.97
399,Roxi,Walicki,rwalickib2@quantcast.com,Female,102.99.127.77
400,Merlina,Blodgett,mblodgettb3@wunderground.com,Female,84.212.92.180
401,Auria,Hegg,aheggb4@ucsd.edu,Non-binary,97.9.182.231
402,Allegra,Rawnsley,arawnsleyb5@psu.edu,Non-binary,96.110.205.44
403,Tailor,Oene,toeneb6@google.cn,Male,37.164.188.80
404,Cory,MacGibbon,cmacgibbonb7@bigcartel.com,Male,191.233.190.70
405,Torie,Mattheissen,tmattheissenb8@wikia.com,Female,41.249.187.199
406,Laurene,Griggs,lgriggsb9@yahoo.com,Female,194.67.113.33
407,Kippy,Loxly,kloxlyba@hexun.com,Male,140.146.40.164
408,Madison,Pitford,mpitfordbb@japanpost.jp,Male,144.195.238.122
409,Archaimbaud,Pickin,apickinbc@ask.com,Male,4.253.113.164
410,Janel,Duckfield,jduckfieldbd@slate.com,Female,101.172.178.219
411,Tandi,Ambrozik,tambrozikbe@digg.com,Female,27.171.23.7
412,Marlow,Schriren,mschrirenbf@qq.com,Male,172.196.19.53
413,Thalia,Giacopazzi,tgiacopazzibg@un.org,Female,200.223.226.78
414,Marsiella,McEwan,mmcewanbh@hatena.ne.jp,Genderfluid,116.34.132.65
415,Marni,Ruseworth,mruseworthbi@mit.edu,Female,65.223.79.149
416,Brande,Gratton,bgrattonbj@examiner.com,Female,212.72.46.193
417,Kathe,Stebbing,kstebbingbk@samsung.com,Female,146.167.219.201
418,Hughie,Keable,hkeablebl@shutterfly.com,Male,209.241.99.112
419,Emmi,Earngy,eearngybm@skype.com,Female,209.4.207.215
420,Krista,Brownett,kbrownettbn@devhub.com,Female,190.181.71.117
421,Aylmer,Vagg,avaggbo@gov.uk,Male,183.226.80.7
422,Chrissie,Rugieri,crugieribp@blogtalkradio.com,Male,53.88.201.254
423,Anette,Tyght,atyghtbq@smugmug.com,Female,46.46.87.26
424,Rikki,Hattoe,rhattoebr@rediff.com,Male,122.135.212.28
425,Wright,Franzman,wfranzmanbs@vk.com,Male,20.29.147.61
426,Gertrud,Domengue,gdomenguebt@illinois.edu,Female,214.70.68.237
427,Wheeler,Reaney,wreaneybu@cmu.edu,Genderfluid,104.6.108.228
428,Ray,Pinner,rpinnerbv@tinypic.com,Male,5.39.113.68
429,Hymie,Fulun,hfulunbw@desdev.cn,Male,167.142.205.241
430,Artie,Saphin,asaphinbx@ucla.edu,Genderfluid,4.24.217.220
431,Fredra,Retchless,fretchlessby@themeforest.net,Genderqueer,106.122.248.247
432,Pippy,Zorro,pzorrobz@cdbaby.com,Female,9.255.163.229
433,Rich,Jeays,rjeaysc0@toplist.cz,Male,136.255.218.251
434,Claudetta,Clewer,cclewerc1@odnoklassniki.ru,Female,74.78.37.185
435,Robbert,Slyne,rslynec2@kickstarter.com,Male,221.177.238.79
436,Rachele,Bathowe,rbathowec3@godaddy.com,Female,155.91.90.75
437,Sherwood,Spacey,sspaceyc4@soundcloud.com,Male,32.50.222.241
438,Amalee,Dodridge,adodridgec5@ted.com,Female,29.99.195.73
439,Fremont,Bolton,fboltonc6@ezinearticles.com,Male,192.151.78.217
440,Meghan,Boulger,mboulgerc7@indiatimes.com,Female,15.96.6.44
441,Izabel,Aleksidze,ialeksidzec8@t-online.de,Female,64.223.48.162
442,Sella,Carhart,scarhartc9@plala.or.jp,Female,158.215.16.198
443,Fulton,Wyett,fwyettca@wikimedia.org,Male,81.66.164.126
444,Hamilton,Ughini,hughinicb@cyberchimps.com,Male,254.251.51.31
445,Kilian,Gullam,kgullamcc@bigcartel.com,Male,0.5.192.67
446,Carrol,Voase,cvoasecd@istockphoto.com,Male,253.140.223.146
447,Veronica,Tungate,vtungatece@wikimedia.org,Female,121.167.92.246
448,Malchy,Wogdon,mwogdoncf@bigcartel.com,Male,192.182.94.230
449,Mariana,Donisthorpe,mdonisthorpecg@netscape.com,Female,156.19.165.182
450,Jessy,Munby,jmunbych@github.io,Female,46.250.253.135
451,Konstantine,Greenslade,kgreensladeci@amazonaws.com,Male,83.191.95.30
452,Sophey,Teaze,steazecj@symantec.com,Female,100.83.241.106
453,Gawen,Aiton,gaitonck@wiley.com,Male,84.124.65.173
454,Seward,Buttner,sbuttnercl@imageshack.us,Male,23.99.222.10
455,Piper,Backen,pbackencm@kickstarter.com,Polygender,208.151.23.218
456,Susette,Bragger,sbraggercn@theguardian.com,Female,216.226.155.61
457,Alina,Keaysell,akeaysellco@vinaora.com,Female,11.11.59.224
458,Korie,Mylchreest,kmylchreestcp@unc.edu,Female,168.182.173.34
459,Kai,Heinz,kheinzcq@chicagotribune.com,Female,84.184.56.186
460,Georgeta,Mendoza,gmendozacr@sina.com.cn,Female,72.168.236.47
461,Brodie,Elce,belcecs@i2i.jp,Male,232.101.236.98
462,Faber,Ades,fadesct@huffingtonpost.com,Male,77.155.205.1
463,Wyndham,Bowering,wboweringcu@bing.com,Male,164.88.98.222
464,Sofie,Snelle,ssnellecv@seattletimes.com,Bigender,85.139.228.58
465,Thorpe,Malia,tmaliacw@sbwire.com,Male,205.155.210.126
466,Biron,Rimour,brimourcx@nifty.com,Male,161.145.88.142
467,Harcourt,Tomsu,htomsucy@prnewswire.com,Non-binary,243.234.215.62
468,Curtice,Vosse,cvossecz@wix.com,Male,183.251.242.123
469,Patrica,Pes,ppesd0@angelfire.com,Female,178.54.122.202
470,Laura,Leggen,lleggend1@surveymonkey.com,Agender,81.11.175.75
471,Patrice,Ryde,pryded2@adobe.com,Male,25.25.193.78
472,Marie-ann,Pontefract,mpontefractd3@tripadvisor.com,Female,147.127.27.17
473,Had,Mettericke,hmettericked4@comcast.net,Male,223.56.168.25
474,Mufinella,Fillery,mfilleryd5@amazon.de,Female,221.219.82.8
475,Bard,Lamb,blambd6@ft.com,Male,108.138.95.74
476,Gerald,Pilsworth,gpilsworthd7@networksolutions.com,Male,157.25.159.157
477,Kendal,Bossel,kbosseld8@go.com,Male,181.8.30.1
478,Reamonn,Murgatroyd,rmurgatroydd9@oakley.com,Male,191.220.198.100
479,Anjanette,Crysell,acrysellda@indiegogo.com,Polygender,240.88.146.62
480,Ives,Say,isaydb@etsy.com,Male,193.33.219.236
481,Pru,Blakeborough,pblakeboroughdc@gnu.org,Female,239.178.50.93
482,Sinclair,Pettitt,spettittdd@huffingtonpost.com,Male,83.189.122.241
483,Davidson,Shailer,dshailerde@furl.net,Male,4.44.100.183
484,Kort,Armell,karmelldf@weather.com,Male,112.211.39.30
485,Marketa,Bartlam,mbartlamdg@dell.com,Female,20.29.3.146
486,Dani,Yackiminie,dyackiminiedh@nyu.edu,Female,56.190.253.116
487,Valma,McIlriach,vmcilriachdi@creativecommons.org,Female,143.86.127.211
488,Debby,Chinge,dchingedj@dailymotion.com,Female,36.250.45.249
489,Kennith,Gerran,kgerrandk@de.vu,Male,69.58.32.253
490,Pietro,Mainson,pmainsondl@washingtonpost.com,Male,72.247.108.68
491,Marge,Smooth,msmoothdm@reddit.com,Female,53.26.227.15
492,Angelita,Hoffmann,ahoffmanndn@spotify.com,Female,177.91.136.78
493,Em,McNirlan,emcnirlando@si.edu,Male,253.255.2.4
494,Rhona,Cudworth,rcudworthdp@1und1.de,Female,244.100.198.206
495,Penny,Rylance,prylancedq@ibm.com,Male,184.255.129.125
496,Marjie,Giacopazzi,mgiacopazzidr@joomla.org,Female,98.22.4.206
497,Ronni,McIndrew,rmcindrewds@ihg.com,Female,43.234.7.80
498,Micky,Royl,mroyldt@mysql.com,Female,208.73.3.94
499,Renae,Matuszkiewicz,rmatuszkiewiczdu@booking.com,Female,153.149.210.253
500,Lira,Greenmon,lgreenmondv@salon.com,Non-binary,241.132.9.100
501,Aldridge,Hort,ahortdw@yahoo.com,Male,7.53.160.139
502,Avis,Lipprose,alipprosedx@nationalgeographic.com,Female,54.81.111.190
503,Edythe,Stuke,estukedy@istockphoto.com,Female,212.74.41.231
504,Kristos,MacMenamie,kmacmenamiedz@blogs.com,Non-binary,122.16.223.42
505,Trenton,Drife,tdrifee0@mlb.com,Male,140.27.162.65
506,Lyndsie,Boultwood,lboultwoode1@hexun.com,Female,170.125.89.165
507,Chrisse,Abella,cabellae2@myspace.com,Male,12.131.201.9
508,L;urette,Kidstoun,lkidstoune3@seesaa.net,Female,167.188.28.17
509,Jobi,Hampe,jhampee4@cnn.com,Female,234.152.86.76
510,Cchaddie,Lorenzo,clorenzoe5@wunderground.com,Male,13.140.77.46
511,Padgett,Sedgemond,psedgemonde6@dell.com,Male,84.210.232.181
512,Magda,Lamonby,mlamonbye7@columbia.edu,Female,146.238.217.161
513,Goddard,Habishaw,ghabishawe8@posterous.com,Male,86.181.165.243
514,Giuseppe,Granleese,ggranleesee9@photobucket.com,Male,28.86.105.40
515,Jsandye,MacMaykin,jmacmaykinea@columbia.edu,Female,234.244.88.20
516,Garald,Hallaways,ghallawayseb@china.com.cn,Bigender,35.46.184.85
517,Ash,Wyre,awyreec@theguardian.com,Male,233.159.62.225
518,Ty,Gilberthorpe,tgilberthorpeed@techcrunch.com,Male,78.67.182.7
519,Ly,Umfrey,lumfreyee@mit.edu,Male,226.155.253.18
520,Calhoun,Gregoraci,cgregoracief@fotki.com,Male,71.114.39.162
521,Jenda,Duffus,jduffuseg@jiathis.com,Female,0.84.111.188
522,Cassondra,Pennock,cpennockeh@chicagotribune.com,Female,207.175.0.186
523,Gaultiero,Spenclay,gspenclayei@vimeo.com,Male,185.48.238.80
524,Lucas,Sperling,lsperlingej@ed.gov,Male,136.110.129.176
525,Maria,Heed,mheedek@wired.com,Agender,138.148.228.104
526,Tove,Marshland,tmarshlandel@wordpress.org,Female,189.9.199.231
527,Marilin,Pietasch,mpietaschem@marketwatch.com,Female,223.123.172.174
528,Maggy,Rizzardi,mrizzardien@imgur.com,Female,218.159.61.103
529,Mechelle,Saller,msallereo@deviantart.com,Female,174.68.1.128
530,Ripley,Landsman,rlandsmanep@posterous.com,Male,9.214.240.84
531,Ev,Metts,emettseq@webs.com,Male,9.127.236.100
532,Karisa,Rockcliff,krockcliffer@tinypic.com,Genderfluid,29.125.163.116
533,Yolande,Nials,ynialses@aol.com,Female,132.64.56.49
534,Ulises,Estoile,uestoileet@techcrunch.com,Male,5.56.18.33
535,Nita,Akaster,nakastereu@squidoo.com,Female,196.176.250.169
536,Patricio,Govinlock,pgovinlockev@state.tx.us,Male,241.211.59.252
537,Jed,Tupper,jtupperew@google.co.jp,Male,186.205.70.75
538,Modestine,Torricina,mtorricinaex@bbb.org,Female,136.11.97.50
539,Millie,Beadnall,mbeadnalley@marketwatch.com,Female,224.99.76.166
540,Son,Caghy,scaghyez@webs.com,Male,155.2.252.230
541,Blake,Klais,bklaisf0@cocolog-nifty.com,Male,155.92.225.250
542,Jamil,Svanini,jsvaninif1@about.me,Male,91.139.223.93
543,Moria,Pretsell,mpretsellf2@clickbank.net,Female,61.178.196.32
544,Izabel,Maffioni,imaffionif3@walmart.com,Female,181.124.170.206
545,Lacy,Jillis,ljillisf4@parallels.com,Female,96.234.10.0
546,Glendon,Wymer,gwymerf5@elegantthemes.com,Male,155.218.250.16
547,Germain,Baversor,gbaversorf6@ovh.net,Female,162.15.40.225
548,Paquito,Hannigane,phanniganef7@topsy.com,Male,10.98.162.181
549,Sibilla,Piell,spiellf8@blinklist.com,Female,116.76.65.166
550,Willetta,Dyson,wdysonf9@github.com,Bigender,92.115.48.188
551,Sigismondo,Sydes,ssydesfa@mac.com,Male,229.170.157.103
552,Sascha,Symones,ssymonesfb@umn.edu,Male,218.192.24.24
553,Delinda,Powling,dpowlingfc@google.co.jp,Female,178.90.199.72
554,Randi,O' Mara,romarafd@toplist.cz,Male,231.45.193.17
555,Thorvald,de Zamora,tdezamorafe@sun.com,Male,21.215.123.254
556,Zola,Lehrer,zlehrerff@ebay.com,Female,75.39.61.136
557,Ward,Rainer,wrainerfg@loc.gov,Male,241.95.151.1
558,Loraine,Rioch,lriochfh@ted.com,Female,108.21.18.97
559,Anselm,Haslegrave,ahaslegravefi@deliciousdays.com,Male,154.13.100.248
560,Jacquetta,MacCaghan,jmaccaghanfj@indiegogo.com,Female,204.180.78.91
561,Selene,Houseago,shouseagofk@bizjournals.com,Female,166.52.169.226
562,Andrus,Deyes,adeyesfl@oaic.gov.au,Male,13.210.211.17
563,Harriot,Minette,hminettefm@elpais.com,Genderqueer,200.212.73.193
564,Rory,Kinton,rkintonfn@edublogs.org,Female,185.206.103.185
565,Jodi,Clery,jcleryfo@4shared.com,Male,24.228.206.222
566,Alfi,Carrel,acarrelfp@statcounter.com,Female,59.13.141.187
567,Harbert,Ely,helyfq@intel.com,Male,51.9.28.168
568,Brander,Skipworth,bskipworthfr@youku.com,Male,22.83.109.195
569,Terrel,Chieze,tchiezefs@ted.com,Male,184.185.247.148
570,Linea,Loughman,lloughmanft@booking.com,Female,14.76.127.156
571,Titus,Clethro,tclethrofu@cnn.com,Male,34.127.136.235
572,Stearn,Amthor,samthorfv@dot.gov,Male,5.74.80.186
573,Rowen,MacCaughey,rmaccaugheyfw@last.fm,Male,20.86.145.43
574,Margery,Rignold,mrignoldfx@fc2.com,Female,143.255.201.8
575,Lizbeth,Habergham,lhaberghamfy@lycos.com,Female,194.59.222.97
576,Charmain,Buckby,cbuckbyfz@wordpress.com,Female,253.91.99.25
577,Ninette,Lorenzetto,nlorenzettog0@discovery.com,Female,143.108.211.10
578,Sidonia,Ginman,sginmang1@wordpress.com,Female,249.149.153.46
579,Giacobo,Roche,grocheg2@weebly.com,Male,171.93.213.29
580,Denney,Shafier,dshafierg3@bing.com,Male,228.50.195.53
581,Henderson,Ducarel,hducarelg4@wikispaces.com,Male,221.57.92.216
582,Maje,Antunes,mantunesg5@list-manage.com,Male,221.216.32.121
583,Reamonn,Konrad,rkonradg6@icio.us,Male,225.20.28.126
584,Lotty,Borne,lborneg7@moonfruit.com,Female,193.196.185.107
585,Franny,Droogan,fdroogang8@arizona.edu,Male,83.164.110.142
586,Archer,Hyatt,ahyattg9@businessweek.com,Male,174.31.49.176
587,Aymer,Kleszinski,akleszinskiga@instagram.com,Male,71.116.158.74
588,Sabrina,Ivan,sivangb@indiegogo.com,Female,18.71.165.170
589,Lyon,Cosgrove,lcosgrovegc@guardian.co.uk,Male,137.22.146.82
590,Pollyanna,Sinkinson,psinkinsongd@mashable.com,Female,206.66.228.123
591,Cecilia,Stodart,cstodartge@ebay.com,Female,200.66.139.211
592,Dulciana,Smitham,dsmithamgf@unesco.org,Female,147.181.241.74
593,Alexis,Byforth,abyforthgg@wikia.com,Male,26.124.128.6
594,Lesli,Chilley,lchilleygh@hexun.com,Female,157.158.150.223
595,Dasie,Varsey,dvarseygi@w3.org,Female,65.37.133.62
596,Rubin,Vairow,rvairowgj@aol.com,Male,86.103.124.232
597,Sydel,Mazzeo,smazzeogk@creativecommons.org,Bigender,108.95.182.126
598,Griswold,Iacabucci,giacabuccigl@pcworld.com,Male,110.177.62.118
599,Mycah,Brameld,mbrameldgm@howstuffworks.com,Male,226.9.172.113
600,Mame,Callam,mcallamgn@quantcast.com,Female,73.231.131.57
601,Trevor,Jancic,tjancicgo@printfriendly.com,Male,15.23.9.107
602,Marty,Swaine,mswainegp@deviantart.com,Male,222.156.215.27
603,Vail,Gudyer,vgudyergq@furl.net,Male,26.9.105.174
604,Rosene,Oldland,roldlandgr@redcross.org,Female,114.250.159.224
605,Leland,Gianasi,lgianasigs@addtoany.com,Polygender,254.209.139.176
606,Clayson,Morena,cmorenagt@tripadvisor.com,Male,114.119.51.241
607,Bevin,Haylett,bhaylettgu@delicious.com,Male,157.26.1.40
608,Dallas,Goodred,dgoodredgv@fc2.com,Female,23.233.103.64
609,Portia,Heakey,pheakeygw@forbes.com,Female,98.125.16.12
610,Vale,Fowell,vfowellgx@github.io,Genderqueer,210.254.98.191
611,Humfrid,Brevetor,hbrevetorgy@youtube.com,Male,172.6.128.1
612,Rex,Hancox,rhancoxgz@mtv.com,Male,2.112.223.161
613,Hamnet,Satcher,hsatcherh0@discuz.net,Male,225.223.210.26
614,Idaline,Kamenar,ikamenarh1@hatena.ne.jp,Female,20.206.167.20
615,Vittoria,Buche,vbucheh2@deliciousdays.com,Female,198.55.220.104
616,Hillard,Mundy,hmundyh3@boston.com,Male,228.100.95.83
617,Sky,Beretta,sberettah4@weather.com,Male,51.10.18.96
618,Annmarie,Showen,ashowenh5@ycombinator.com,Female,52.158.35.69
619,Abe,Fardy,afardyh6@virginia.edu,Male,58.242.9.62
620,Teena,Lorenzin,tlorenzinh7@tiny.cc,Female,198.213.188.200
621,Manda,Gohier,mgohierh8@craigslist.org,Female,123.219.14.200
622,Lorena,Belfrage,lbelfrageh9@usa.gov,Female,246.140.207.5
623,Bartolemo,MacCarlich,bmaccarlichha@rakuten.co.jp,Male,77.190.37.95
624,Charis,Wayon,cwayonhb@uiuc.edu,Female,135.127.84.17
625,Katalin,Nevins,knevinshc@rakuten.co.jp,Female,251.120.22.248
626,Sammie,Gurwood,sgurwoodhd@amazon.com,Male,235.202.204.3
627,Peirce,Lowthorpe,plowthorpehe@ovh.net,Male,93.83.123.35
628,Grissel,Jewson,gjewsonhf@flickr.com,Female,81.207.4.17
629,Marius,Cowoppe,mcowoppehg@ustream.tv,Male,71.247.113.247
630,Hubert,Habbijam,hhabbijamhh@purevolume.com,Male,177.213.38.169
631,Lora,Georgescu,lgeorgescuhi@economist.com,Female,11.42.67.199
632,Cord,Saldler,csaldlerhj@elpais.com,Male,167.166.161.253
633,Kasey,Huguet,khuguethk@ebay.com,Female,134.83.89.153
634,Taddeusz,Speedy,tspeedyhl@prnewswire.com,Bigender,92.55.46.72
635,Corry,Moss,cmosshm@prweb.com,Female,19.45.119.92
636,Zachery,Dadge,zdadgehn@ibm.com,Male,201.243.84.30
637,Alard,Scudder,ascudderho@auda.org.au,Male,58.80.58.23
638,Joyous,Pleager,jpleagerhp@dailymotion.com,Female,4.223.205.68
639,Anica,Fittes,afitteshq@wikispaces.com,Female,175.21.152.144
640,Clementine,Bindin,cbindinhr@wix.com,Female,209.242.222.6
641,Zena,Devennie,zdevenniehs@columbia.edu,Female,160.38.17.100
642,Micheil,Jiroudek,mjiroudekht@economist.com,Male,159.213.70.195
643,Dacia,Reace,dreacehu@joomla.org,Female,101.148.223.111
644,Evered,Hartigan,ehartiganhv@yellowbook.com,Male,46.147.180.37
645,Lucilia,Sprigg,lsprigghw@economist.com,Genderfluid,201.16.248.168
646,Sophi,Crayk,scraykhx@github.io,Female,95.100.228.189
647,Lyssa,Prozescky,lprozesckyhy@rakuten.co.jp,Female,106.103.235.164
648,Dominique,Egginton,deggintonhz@ftc.gov,Female,170.238.25.247
649,Ned,Janney,njanneyi0@twitpic.com,Male,118.152.76.179
650,Barnett,Whistlecroft,bwhistlecrofti1@economist.com,Male,165.37.247.44
651,Filmer,Blankman,fblankmani2@plala.or.jp,Male,63.9.90.216
652,Liza,Dow,ldowi3@bloglines.com,Female,249.117.185.43
653,Alric,Streeter,astreeteri4@tmall.com,Male,65.76.17.153
654,Merlina,Whittall,mwhittalli5@nbcnews.com,Polygender,137.83.1.77
655,Donal,Antoni,dantonii6@alibaba.com,Male,22.31.217.157
656,Tiffi,Sibille,tsibillei7@census.gov,Agender,142.236.66.191
657,Milty,De Gogay,mdegogayi8@cargocollective.com,Male,86.207.179.182
658,Johan,Spuffard,jspuffardi9@irs.gov,Male,63.10.241.99
659,Hyatt,Meegan,hmeegania@g.co,Male,235.182.204.62
660,Kahlil,Bahls,kbahlsib@youtube.com,Male,28.22.67.60
661,Batholomew,Braney,bbraneyic@dailymotion.com,Agender,24.149.61.151
662,Cointon,Kite,ckiteid@godaddy.com,Male,20.140.212.26
663,Kalila,Baitey,kbaiteyie@nyu.edu,Female,187.75.18.45
664,Danette,Larcier,dlarcierif@japanpost.jp,Female,126.210.198.247
665,Stacee,Fletcher,sfletcherig@creativecommons.org,Male,70.155.147.149
666,Bobbee,Rupert,brupertih@vk.com,Female,52.94.147.91
667,Alyssa,Berthouloume,aberthouloumeii@wunderground.com,Female,115.214.105.205
668,Kendell,MacNamara,kmacnamaraij@google.de,Male,237.94.118.215
669,Elisha,Medmore,emedmoreik@cnn.com,Male,239.29.139.125
670,Fawnia,Mecco,fmeccoil@smh.com.au,Female,144.209.29.44
671,Rosana,Ludwig,rludwigim@gizmodo.com,Female,138.135.75.213
672,Claudelle,Filipponi,cfilipponiin@weebly.com,Female,146.39.18.161
673,Ariella,Mosconi,amosconiio@blinklist.com,Female,15.150.88.133
674,Arlyne,Gothrup,agothrupip@freewebs.com,Female,15.230.68.155
675,Ellis,Rodinger,erodingeriq@domainmarket.com,Male,0.131.227.74
676,Etheline,Hexham,ehexhamir@tiny.cc,Genderfluid,236.189.206.211
677,Merrilee,Haselup,mhaselupis@uiuc.edu,Female,39.56.179.156
678,Axel,Edinborough,aedinboroughit@goo.ne.jp,Male,44.12.102.83
679,Jo ann,Haggar,jhaggariu@nymag.com,Female,138.63.170.236
680,Kenneth,Cristea,kcristeaiv@themeforest.net,Male,187.147.94.43
681,Susanna,Tottem,stottemiw@amazon.com,Female,209.95.35.229
682,Kerrin,Disdel,kdisdelix@meetup.com,Female,50.137.64.163
683,Pearle,Rowsell,prowselliy@theglobeandmail.com,Female,3.38.249.69
684,Janeczka,Sallier,jsallieriz@umn.edu,Genderqueer,16.35.29.150
685,Harriott,Willmott,hwillmottj0@bing.com,Female,236.158.205.195
686,Robert,Speers,rspeersj1@nytimes.com,Male,123.177.76.213
687,Gilburt,Longson,glongsonj2@businessweek.com,Male,1.6.176.129
688,Moses,Steinham,msteinhamj3@youtube.com,Male,65.80.14.133
689,Sindee,Severn,ssevernj4@tamu.edu,Bigender,196.144.69.191
690,Trixie,Goss,tgossj5@dailymotion.com,Female,50.103.7.200
691,Lyssa,Ticic,lticicj6@home.pl,Female,213.15.246.7
692,Vladimir,Berns,vbernsj7@furl.net,Male,21.244.66.199
693,Stephanus,McKelloch,smckellochj8@cisco.com,Male,28.166.6.192
694,Zollie,Duplain,zduplainj9@addtoany.com,Male,235.54.114.64
695,Finlay,Antoniat,fantoniatja@ovh.net,Male,254.169.183.238
696,Connie,Alvarado,calvaradojb@cbsnews.com,Female,216.252.7.48
697,Husain,Grainge,hgraingejc@webmd.com,Male,90.229.130.156
698,Leia,Smithyman,lsmithymanjd@tripadvisor.com,Female,6.38.149.66
699,Vernen,Andrei,vandreije@meetup.com,Male,227.80.251.79
700,Bertie,Fenna,bfennajf@google.nl,Male,205.121.158.45
701,Bird,Marchington,bmarchingtonjg@4shared.com,Female,13.28.135.73
702,Cristie,Valerius,cvaleriusjh@stumbleupon.com,Female,248.113.11.29
703,Helena,Abell,habellji@yahoo.co.jp,Female,165.13.228.68
704,Nancey,Slides,nslidesjj@marketwatch.com,Female,228.27.237.123
705,Barb,Polson,bpolsonjk@archive.org,Female,190.218.149.0
706,Olav,Grovier,ogrovierjl@npr.org,Male,62.239.211.130
707,Rebecka,Bagshawe,rbagshawejm@admin.ch,Female,40.210.179.127
708,Thaxter,Pagitt,tpagittjn@pen.io,Male,231.4.95.228
709,Chester,De Antoni,cdeantonijo@toplist.cz,Polygender,216.103.218.204
710,Garrick,Petts,gpettsjp@domainmarket.com,Male,190.59.119.69
711,Torin,Brookbank,tbrookbankjq@networkadvertising.org,Genderqueer,113.145.240.23
712,Morton,Prandi,mprandijr@webeden.co.uk,Male,146.23.139.73
713,Joly,Corish,jcorishjs@edublogs.org,Agender,239.224.12.191
714,Florenza,Digweed,fdigweedjt@meetup.com,Female,113.60.182.11
715,Jeffie,Lamswood,jlamswoodju@desdev.cn,Male,155.176.52.209
716,Ric,Flode,rflodejv@t-online.de,Male,230.178.174.251
717,Flinn,Issacof,fissacofjw@sourceforge.net,Male,100.167.196.190
718,Marcia,Brownlie,mbrownliejx@ibm.com,Female,46.154.197.90
719,Garrick,Dallywater,gdallywaterjy@baidu.com,Male,222.223.248.181
720,Shepherd,Wynne,swynnejz@aboutads.info,Male,205.111.96.192
721,Charles,Grouer,cgrouerk0@topsy.com,Male,35.88.30.39
722,Freddy,Leigh,fleighk1@techcrunch.com,Female,238.196.90.120
723,Marysa,Mumford,mmumfordk2@github.com,Female,182.4.140.76
724,Jorey,Beechcraft,jbeechcraftk3@wikimedia.org,Female,95.222.149.184
725,Rubina,Walkey,rwalkeyk4@rambler.ru,Female,42.29.237.43
726,Giff,Trime,gtrimek5@hud.gov,Male,102.107.178.133
727,Shanda,Carrodus,scarrodusk6@buzzfeed.com,Female,168.196.180.79
728,Torrin,Leward,tlewardk7@paypal.com,Male,175.213.10.114
729,Brigit,Varey,bvareyk8@google.it,Female,222.26.215.26
730,Desiree,Gealle,dgeallek9@cdbaby.com,Female,82.75.98.100
731,Millard,Saltmarshe,msaltmarsheka@economist.com,Male,63.222.65.252
732,Maiga,Burnyate,mburnyatekb@webs.com,Female,159.102.63.132
733,Lainey,Solman,lsolmankc@google.nl,Genderqueer,216.95.86.142
734,Garland,Beldham,gbeldhamkd@opera.com,Female,78.153.252.164
735,Ransom,Kurten,rkurtenke@nature.com,Agender,209.54.87.240
736,Shirl,Snar,ssnarkf@yahoo.co.jp,Female,44.245.161.20
737,Franciskus,Dignall,fdignallkg@facebook.com,Male,104.223.58.206
738,Devlin,Denton,ddentonkh@admin.ch,Polygender,219.161.84.142
739,Ethelin,Pohl,epohlki@opensource.org,Female,172.253.144.170
740,Clifford,Laetham,claethamkj@slideshare.net,Male,72.182.128.115
741,Dorolice,Huetson,dhuetsonkk@tripod.com,Bigender,8.109.152.72
742,Dallon,Poyntz,dpoyntzkl@google.ca,Male,86.195.42.5
743,Tomlin,Leeburne,tleeburnekm@hatena.ne.jp,Genderfluid,161.170.123.176
744,Cami,Chapier,cchapierkn@list-manage.com,Female,32.8.12.2
745,Laura,Latey,llateyko@aboutads.info,Female,164.99.159.145
746,Mathilde,Carnelley,mcarnelleykp@dagondesign.com,Female,26.98.216.162
747,Calhoun,Wilderspoon,cwilderspoonkq@columbia.edu,Male,230.71.104.87
748,Herman,Reicharz,hreicharzkr@wunderground.com,Male,7.13.185.132
749,Lea,Milington,lmilingtonks@oracle.com,Female,75.175.234.52
750,Ferd,Larkworthy,flarkworthykt@who.int,Male,249.180.68.87
751,Neill,Shawell,nshawellku@msu.edu,Male,193.193.56.92
752,Em,Wren,ewrenkv@reuters.com,Male,213.61.98.66
753,Lucias,Monan,lmonankw@foxnews.com,Male,233.116.103.193
754,Chris,Stroulger,cstroulgerkx@weather.com,Male,25.156.67.72
755,Adara,Wilhelmy,awilhelmyky@histats.com,Female,226.209.149.26
756,Norine,Sanchez,nsanchezkz@narod.ru,Female,67.195.0.242
757,Poul,Penrice,ppenricel0@mapquest.com,Male,105.16.64.139
758,Selle,Lye,slyel1@sciencedirect.com,Female,235.85.161.227
759,Lew,Denslow,ldenslowl2@smh.com.au,Male,8.153.235.156
760,Alejoa,McGrotty,amcgrottyl3@indiatimes.com,Genderfluid,170.157.103.23
761,Alphard,Swaffer,aswafferl4@hubpages.com,Male,161.238.207.215
762,Lorry,Agge,laggel5@earthlink.net,Genderqueer,84.174.184.201
763,Kirstin,Stutard,kstutardl6@flavors.me,Female,79.168.123.58
764,Reg,Goulborne,rgoulbornel7@indiatimes.com,Male,170.245.246.247
765,Patsy,Alkins,palkinsl8@businesswire.com,Male,142.173.137.143
766,Lazaro,Banbrook,lbanbrookl9@springer.com,Male,75.90.83.226
767,Raffarty,De Antoni,rdeantonila@europa.eu,Male,188.28.94.102
768,Ced,Boshell,cboshelllb@mayoclinic.com,Male,136.101.123.239
769,Lucita,Quinnette,lquinnettelc@reverbnation.com,Female,25.171.2.220
770,Fanya,Swainger,fswaingerld@hubpages.com,Female,16.64.84.85
771,Klara,Copozio,kcopoziole@google.es,Female,112.0.166.53
772,Edgar,Switzer,eswitzerlf@amazon.com,Bigender,226.111.228.74
773,Gisele,Heigold,gheigoldlg@reference.com,Female,182.182.80.189
774,Giovanni,Casiroli,gcasirolilh@miitbeian.gov.cn,Male,170.227.239.10
775,Cordie,Igo,cigoli@wired.com,Male,150.145.207.113
776,Gennie,Debow,gdebowlj@freewebs.com,Female,238.220.125.113
777,Gay,Grealey,ggrealeylk@ameblo.jp,Female,148.138.251.115
778,Breena,Corneliussen,bcorneliussenll@bandcamp.com,Female,137.225.60.58
779,Isacco,Sudy,isudylm@live.com,Male,20.227.119.249
780,Eloise,Jirasek,ejirasekln@jigsy.com,Agender,99.186.251.167
781,Osmund,Adderson,oaddersonlo@cargocollective.com,Male,114.67.216.217
782,Seth,Cosford,scosfordlp@state.gov,Male,163.190.28.13
783,Nicki,Ramshaw,nramshawlq@prnewswire.com,Female,96.88.115.91
784,Armando,Trotman,atrotmanlr@oracle.com,Male,144.112.203.133
785,Thurstan,Clampin,tclampinls@chron.com,Agender,197.175.33.158
786,Lena,Mayho,lmayholt@bbb.org,Female,137.105.63.14
787,Jackie,Christene,jchristenelu@businessinsider.com,Female,59.247.184.127
788,Xylina,McLugish,xmclugishlv@linkedin.com,Female,6.57.237.72
789,Beauregard,Alliot,balliotlw@spiegel.de,Male,192.77.255.189
790,Temp,Callaway,tcallawaylx@mac.com,Male,149.139.228.119
791,Burl,Bisseker,bbissekerly@oracle.com,Male,168.14.251.22
792,Laverne,Gales,lgaleslz@booking.com,Female,157.123.100.0
793,Ingrid,Farrall,ifarrallm0@bloglovin.com,Female,132.98.154.27
794,Lockwood,Caudell,lcaudellm1@bloomberg.com,Male,208.252.22.190
795,Iris,Orable,iorablem2@discuz.net,Female,79.1.126.48
796,Carmella,Thrush,cthrushm3@alexa.com,Female,23.77.16.6
797,Jamaal,Garnar,jgarnarm4@ox.ac.uk,Male,107.212.186.104
798,Sid,Joffe,sjoffem5@baidu.com,Male,194.118.214.142
799,Siana,Dubose,sdubosem6@smugmug.com,Female,233.239.143.43
800,Perry,Skryne,pskrynem7@omniture.com,Female,44.91.16.248
801,Paula,Allsepp,pallseppm8@wordpress.org,Female,165.11.78.66
802,Jeanne,Annes,jannesm9@ucsd.edu,Female,209.233.64.13
803,Arel,Rivitt,arivittma@mtv.com,Male,250.165.24.76
804,Layla,Monck,lmonckmb@taobao.com,Female,15.187.5.209
805,Jacynth,Flicker,jflickermc@google.pl,Female,72.184.251.66
806,Sibyl,Yates,syatesmd@cornell.edu,Female,163.202.38.227
807,Briant,Grishenkov,bgrishenkovme@squarespace.com,Male,108.209.21.75
808,Meghann,Hallbord,mhallbordmf@rambler.ru,Non-binary,166.45.37.104
809,Osbert,Cawkill,ocawkillmg@wikipedia.org,Male,215.21.201.6
810,Kaitlyn,Spreckley,kspreckleymh@freewebs.com,Female,76.21.170.236
811,Myron,Kleynermans,mkleynermansmi@friendfeed.com,Male,44.234.252.94
812,Hedi,Skippon,hskipponmj@yolasite.com,Female,236.221.21.36
813,Rance,Budget,rbudgetmk@cnn.com,Male,16.4.204.92
814,Bambie,Stathers,bstathersml@ehow.com,Female,56.133.3.171
815,Brendan,Orgee,borgeemm@senate.gov,Male,157.73.227.111
816,Tadio,Van Hesteren,tvanhesterenmn@ibm.com,Male,59.118.46.60
817,Ange,Juarez,ajuarezmo@guardian.co.uk,Male,47.210.29.131
818,Mirna,Krammer,mkrammermp@youtu.be,Female,78.68.162.80
819,Calley,McPeake,cmcpeakemq@admin.ch,Female,231.41.90.149
820,Margaretta,Body,mbodymr@usgs.gov,Female,63.4.124.188
821,Laney,Dominik,ldominikms@shinystat.com,Female,202.125.27.29
822,Hogan,Zorener,hzorenermt@liveinternet.ru,Male,145.127.149.142
823,Inglis,Perri,iperrimu@paypal.com,Male,200.163.39.132
824,Jaimie,Plowell,jplowellmv@wufoo.com,Female,201.10.76.35
825,Raychel,Cavalier,rcavaliermw@bigcartel.com,Female,111.96.64.185
826,Finn,Tromans,ftromansmx@a8.net,Male,161.59.16.241
827,Roxana,Carleton,rcarletonmy@csmonitor.com,Female,6.108.148.245
828,Lucio,Swiffen,lswiffenmz@yellowbook.com,Male,2.58.151.84
829,Hazel,Ripsher,hripshern0@utexas.edu,Female,166.2.99.126
830,Charlotte,Strevens,cstrevensn1@weibo.com,Female,101.225.231.193
831,Jarrett,Pfiffer,jpfiffern2@cbsnews.com,Male,214.170.43.119
832,Erich,Iacobacci,eiacobaccin3@accuweather.com,Male,181.68.191.144
833,Sheelah,Bootton,sboottonn4@oakley.com,Female,116.63.65.146
834,Quentin,Dreng,qdrengn5@mediafire.com,Female,181.167.231.141
835,Timoteo,Hainsworth,thainsworthn6@theglobeandmail.com,Male,75.231.165.165
836,Audra,Pettitt,apettittn7@ft.com,Female,199.92.198.83
837,Herculie,Edward,hedwardn8@oracle.com,Male,38.200.197.205
838,Geordie,Legister,glegistern9@yellowbook.com,Male,103.213.52.61
839,Goran,Wilds,gwildsna@google.fr,Male,205.54.82.57
840,Kora,Facey,kfaceynb@addtoany.com,Female,160.196.125.13
841,Karalynn,Moncreif,kmoncreifnc@vk.com,Agender,132.7.139.167
842,Monty,Paulillo,mpaulillond@wufoo.com,Male,253.194.74.168
843,Jerry,Kingsbury,jkingsburyne@storify.com,Genderfluid,253.232.234.21
844,Baxie,Breache,bbreachenf@fastcompany.com,Male,139.234.153.43
845,Kim,Townshend,ktownshendng@histats.com,Male,227.113.240.239
846,Ali,Jenteau,ajenteaunh@nytimes.com,Female,142.29.122.59
847,Keith,Armiger,karmigerni@google.com.au,Polygender,185.12.16.226
848,Grover,Duer,gduernj@deviantart.com,Polygender,2.171.203.4
849,Claire,Noller,cnollernk@reference.com,Female,138.115.113.71
850,Aloin,Asche,aaschenl@dailymail.co.uk,Male,213.189.128.140
851,Mandel,Gerard,mgerardnm@google.com.au,Male,195.163.140.183
852,Torin,Dovington,tdovingtonnn@meetup.com,Male,79.76.181.142
853,Phip,Taveriner,ptaverinerno@fastcompany.com,Bigender,103.200.160.179
854,Darwin,Gumbley,dgumbleynp@arizona.edu,Male,199.236.239.150
855,Cayla,Osipenko,cosipenkonq@skype.com,Agender,30.76.77.221
856,Keene,Pinchback,kpinchbacknr@discuz.net,Male,120.9.123.180
857,Chase,Hurd,churdns@mail.ru,Male,2.15.137.209
858,Morty,Hardware,mhardwarent@weibo.com,Male,92.211.233.227
859,Othelia,Kolakovic,okolakovicnu@elegantthemes.com,Female,70.95.217.57
860,Adrian,Vanyashkin,avanyashkinnv@sbwire.com,Female,182.78.148.84
861,Cesaro,Dougharty,cdoughartynw@geocities.com,Male,122.221.79.190
862,Maxi,McReath,mmcreathnx@weibo.com,Female,108.150.233.75
863,Kaile,Belle,kbelleny@reverbnation.com,Female,180.74.67.66
864,Emlen,Krysztowczyk,ekrysztowczyknz@posterous.com,Male,240.250.61.122
865,Sigrid,Salters,ssalterso0@seattletimes.com,Female,203.1.164.114
866,Licha,Stallworth,lstallwortho1@answers.com,Female,178.11.115.18
867,Norry,Stuer,nstuero2@reuters.com,Non-binary,25.149.50.104
868,Orren,Deschlein,odeschleino3@cargocollective.com,Male,153.80.84.107
869,Innis,Marrington,imarringtono4@unc.edu,Male,37.164.215.199
870,Charo,Brombell,cbrombello5@mac.com,Female,72.192.213.175
871,Brittany,Beach,bbeacho6@slideshare.net,Female,78.197.126.71
872,Domini,Selwyn,dselwyno7@epa.gov,Female,193.159.245.172
873,Florance,Evemy,fevemyo8@springer.com,Female,93.53.25.143
874,Ilyssa,Girkins,igirkinso9@buzzfeed.com,Female,135.126.51.5
875,Davine,Brymner,dbrymneroa@delicious.com,Female,117.75.164.14
876,Petronia,Boncore,pboncoreob@reverbnation.com,Agender,194.196.54.219
877,Richy,Perassi,rperassioc@earthlink.net,Male,195.219.123.31
878,Christel,Farish,cfarishod@desdev.cn,Bigender,182.176.92.18
879,Derby,Stowgill,dstowgilloe@webnode.com,Male,86.112.90.149
880,Maureene,Colquit,mcolquitof@purevolume.com,Female,180.138.240.103
881,Cash,Sanford,csanfordog@baidu.com,Male,135.79.161.55
882,Jenny,Flemmich,jflemmichoh@ucsd.edu,Female,208.95.177.35
883,Traci,Troillet,ttroilletoi@seattletimes.com,Female,11.201.15.181
884,Ralf,Saggs,rsaggsoj@is.gd,Non-binary,109.76.69.177
885,Hodge,Weddeburn,hweddeburnok@merriam-webster.com,Male,241.153.135.25
886,Hubert,Georgel,hgeorgelol@flavors.me,Male,117.120.57.53
887,Belle,Carik,bcarikom@china.com.cn,Female,233.130.140.58
888,Catriona,Frie,cfrieon@dagondesign.com,Female,59.127.40.199
889,Luce,Mapholm,lmapholmoo@google.ca,Male,207.253.76.253
890,Nicolis,Borsi,nborsiop@europa.eu,Bigender,173.6.121.204
891,Micaela,Knifton,mkniftonoq@intel.com,Female,96.179.24.18
892,Katlin,Canario,kcanarioor@tuttocitta.it,Non-binary,151.84.217.148
893,Giff,Goodbanne,ggoodbanneos@ezinearticles.com,Agender,86.175.234.143
894,Rich,Manders,rmandersot@twitter.com,Male,194.138.130.118
895,Britt,Shorter,bshorterou@un.org,Female,138.232.116.214
896,Dewitt,Kelwaybamber,dkelwaybamberov@sogou.com,Male,134.63.75.244
897,Eve,Dron,edronow@booking.com,Female,151.193.141.71
898,Bliss,Swyre,bswyreox@senate.gov,Female,12.205.9.156
899,Chiquia,Towson,ctowsonoy@alibaba.com,Female,100.144.24.56
900,Mozes,Shorton,mshortonoz@mozilla.org,Male,106.42.53.12
901,Genevra,Steane,gsteanep0@nba.com,Female,152.187.47.68
902,Frasier,Dadge,fdadgep1@alexa.com,Male,226.225.244.130
903,Haze,Brawson,hbrawsonp2@sina.com.cn,Male,217.175.105.35
904,Judye,Veeler,jveelerp3@ow.ly,Female,114.203.72.83
905,Christye,Brandone,cbrandonep4@mysql.com,Female,226.104.169.80
906,Uri,Timoney,utimoneyp5@techcrunch.com,Male,15.229.11.183
907,Graeme,Ledwidge,gledwidgep6@last.fm,Male,109.99.238.19
908,Dorelle,Fumagall,dfumagallp7@businesswire.com,Female,201.136.235.49
909,Myrvyn,Cavan,mcavanp8@eepurl.com,Male,114.201.56.165
910,Abramo,Royce,aroycep9@com.com,Male,151.25.251.199
911,Gerick,Langlais,glanglaispa@ft.com,Male,142.224.51.235
912,Olenolin,Bardwell,obardwellpb@businessinsider.com,Male,120.169.189.192
913,Caye,Bastian,cbastianpc@ovh.net,Female,17.237.61.199
914,Kale,Dobbin,kdobbinpd@japanpost.jp,Male,13.133.168.241
915,Randal,Wetherill,rwetherillpe@utexas.edu,Male,166.204.27.231
916,Freddy,Lipyeat,flipyeatpf@cocolog-nifty.com,Male,195.189.153.72
917,Ciro,Saller,csallerpg@redcross.org,Male,18.228.174.100
918,Gaston,Janicek,gjanicekph@surveymonkey.com,Male,95.190.141.126
919,Tamas,Fentem,tfentempi@uiuc.edu,Male,44.70.128.236
920,Niko,Knellen,nknellenpj@mediafire.com,Male,35.116.34.141
921,Ricoriki,Marchiso,rmarchisopk@t.co,Polygender,153.87.24.9
922,Kevon,Loveguard,kloveguardpl@topsy.com,Male,106.197.160.210
923,Jerald,Soars,jsoarspm@bluehost.com,Male,44.212.66.173
924,Taryn,Twitchings,ttwitchingspn@businessweek.com,Female,245.52.233.189
925,Nettie,Stiffell,nstiffellpo@google.com.hk,Female,54.213.68.193
926,Joellen,Debill,jdebillpp@jugem.jp,Female,24.135.38.72
927,Dehlia,Saywood,dsaywoodpq@google.de,Female,187.211.28.200
928,Homerus,Firsby,hfirsbypr@tripadvisor.com,Male,238.222.117.181
929,Eadie,Berthomier,eberthomierps@mysql.com,Female,97.72.85.240
930,Aindrea,Stoyell,astoyellpt@imdb.com,Female,111.119.210.207
931,Lea,Blunt,lbluntpu@mysql.com,Female,89.94.227.148
932,Lisle,Sellars,lsellarspv@stanford.edu,Bigender,145.251.126.153
933,Laurette,Hollingsby,lhollingsbypw@wsj.com,Female,10.68.242.147
934,Shoshanna,Zoppo,szoppopx@unicef.org,Female,73.82.68.69
935,Frieda,Barford,fbarfordpy@plala.or.jp,Female,218.19.194.151
936,Dreddy,Amott,damottpz@jigsy.com,Genderqueer,156.88.5.135
937,Nessi,Messum,nmessumq0@guardian.co.uk,Bigender,202.196.57.133
938,Ibby,Crutchley,icrutchleyq1@photobucket.com,Female,224.231.126.36
939,Aleece,Vyse,avyseq2@liveinternet.ru,Female,164.88.197.96
940,Beatrisa,Rhydderch,brhydderchq3@chronoengine.com,Polygender,228.33.170.211
941,Caddric,Dossetter,cdossetterq4@ucoz.ru,Male,18.13.31.88
942,Gwenni,Mackrell,gmackrellq5@newyorker.com,Female,68.106.140.192
943,Ruthie,Hegge,rheggeq6@mashable.com,Female,26.27.197.219
944,Bobina,Smoughton,bsmoughtonq7@nature.com,Genderqueer,200.147.144.7
945,Clayborne,Grist,cgristq8@nasa.gov,Male,18.165.59.91
946,Dirk,Heaps,dheapsq9@bloomberg.com,Male,37.45.114.174
947,Susann,Deshorts,sdeshortsqa@sogou.com,Female,172.4.113.46
948,Doloritas,Rudderham,drudderhamqb@gnu.org,Female,74.210.206.59
949,Arlan,Goodread,agoodreadqc@51.la,Male,175.84.53.39
950,Lorain,Catanheira,lcatanheiraqd@mac.com,Female,88.146.141.126
951,Verge,Ygo,vygoqe@nsw.gov.au,Male,253.62.145.15
952,Claudell,Fieldgate,cfieldgateqf@ucoz.ru,Bigender,190.110.172.67
953,Barrett,Cadlock,bcadlockqg@yolasite.com,Male,222.22.148.66
954,Niels,Snartt,nsnarttqh@jimdo.com,Male,40.70.50.142
955,Virge,Alti,valtiqi@smugmug.com,Genderqueer,245.2.222.30
956,Jess,Grundon,jgrundonqj@sphinn.com,Female,17.204.25.247
957,Cammi,Jako,cjakoqk@smugmug.com,Female,158.240.127.142
958,Marylin,Duddell,mduddellql@whitehouse.gov,Female,107.99.154.38
959,Kipp,Davydochkin,kdavydochkinqm@clickbank.net,Male,121.218.25.77
960,Cornelia,Morrott,cmorrottqn@berkeley.edu,Female,95.209.176.224
961,Alyosha,Lennox,alennoxqo@youtu.be,Male,46.193.176.66
962,Izaak,Birtle,ibirtleqp@wordpress.com,Male,144.170.167.1
963,Erinna,Langdon,elangdonqq@stumbleupon.com,Female,11.113.245.250
964,Lilian,Betancourt,lbetancourtqr@cnbc.com,Female,56.161.240.138
965,Arny,MacAnelley,amacanelleyqs@latimes.com,Male,59.44.19.137
966,Regine,Wilsher,rwilsherqt@cbslocal.com,Female,167.67.188.92
967,Martie,Risby,mrisbyqu@biglobe.ne.jp,Male,168.177.162.92
968,Dolley,Hatliffe,dhatliffeqv@pagesperso-orange.fr,Female,246.62.41.140
969,Starr,Prestage,sprestageqw@cornell.edu,Female,213.91.27.108
970,Cort,Leftbridge,cleftbridgeqx@free.fr,Male,44.114.201.255
971,Rickie,Hasel,rhaselqy@theatlantic.com,Female,62.147.138.5
972,Judd,Petrus,jpetrusqz@nydailynews.com,Male,253.186.99.252
973,Dyanne,Iacopo,diacopor0@pbs.org,Female,58.102.46.119
974,Emili,Guillart,eguillartr1@sciencedirect.com,Female,19.45.10.11
975,Thomasine,Borg-Bartolo,tborgbartolor2@bluehost.com,Female,205.204.95.238
976,Josh,McPhelimy,jmcphelimyr3@pcworld.com,Male,56.104.94.214
977,Bianka,Limeburn,blimeburnr4@alexa.com,Female,123.224.116.167
978,Averyl,Kinnear,akinnearr5@icq.com,Female,196.94.211.109
979,Witty,Domino,wdominor6@tiny.cc,Male,172.185.67.210
980,Tracey,Unstead,tunsteadr7@uiuc.edu,Male,39.205.67.2
981,Opaline,Nicklen,onicklenr8@mozilla.com,Female,115.192.230.236
982,Abran,Downe,adowner9@trellian.com,Male,173.6.28.72
983,Sharline,Merioth,smeriothra@photobucket.com,Polygender,30.110.189.163
984,Hercule,Jilliss,hjillissrb@wikia.com,Male,53.51.178.226
985,Cori,Cudihy,ccudihyrc@mapquest.com,Female,249.11.67.83
986,Vanna,Rubberts,vrubbertsrd@wikimedia.org,Female,38.117.30.235
987,Ellene,Gaskill,egaskillre@google.pl,Female,37.105.0.127
988,Peggy,Zotto,pzottorf@wordpress.com,Female,21.243.34.13
989,Lianna,McFayden,lmcfaydenrg@behance.net,Female,130.88.132.172
990,Leeanne,McGannon,lmcgannonrh@squidoo.com,Female,72.12.109.28
991,Errol,Bronger,ebrongerri@japanpost.jp,Male,254.159.154.135
992,Merrill,Bagnold,mbagnoldrj@deliciousdays.com,Female,0.200.123.233
993,Deanne,Flohard,dflohardrk@usatoday.com,Female,206.119.151.151
994,Glory,Philliphs,gphilliphsrl@purevolume.com,Female,182.17.42.126
995,Loretta,Preist,lpreistrm@google.ca,Female,118.132.139.252
996,Charmine,Dronsfield,cdronsfieldrn@nps.gov,Female,128.89.236.138
997,Trev,D'eathe,tdeathero@csmonitor.com,Male,16.88.236.242
998,Roby,Burdon,rburdonrp@theguardian.com,Female,87.156.238.177
999,Agnesse,Lilbourne,alilbournerq@friendfeed.com,Female,145.112.142.101
1000,Drucill,Housecraft,dhousecraftrr@who.int,Female,232.191.26.126
